cidade,lat,lon,regiao
Abadia dos Dourados,-18.4831,-47.3916,Triângulo Mineiro/Alto Paranaíba
Abaeté,-19.1551,-45.4444,Central Mineira
Abre Campo,-20.2996,-42.4743,Zona da Mata
Acaiaca,-20.359,-43.1439,Zona da Mata
Açucena,-19.0671,-42.5419,Vale do Rio Doce
Água Boa,-17.9914,-42.3806,Vale do Rio Doce
Água Comprida,-20.0576,-48.1069,Triângulo Mineiro/Alto Paranaíba
Aguanil,-20.9439,-45.3915,Oeste de Minas
Águas Formosas,-17.0802,-40.9384,Vale do Mucuri
Águas Vermelhas,-15.7431,-41.4571,Norte de Minas
Aimorés,-19.5007,-41.0746,Vale do Rio Doce
Aiuruoca,-21.9736,-44.6042,Sul/Sudoeste de Minas
Alagoa,-22.171,-44.6413,Sul/Sudoeste de Minas
Albertina,-22.2018,-46.6139,Sul/Sudoeste de Minas
Além Paraíba,-21.8797,-42.7176,Zona da Mata
Alfenas,-21.4256,-45.9477,Sul/Sudoeste de Minas
Alfredo Vasconcelos,-21.1535,-43.7718,Campo das Vertentes
Almenara,-16.1785,-40.6942,Jequitinhonha
Alpercata,-18.974,-41.97,Vale do Rio Doce
Alpinópolis,-20.8631,-46.3878,Sul/Sudoeste de Minas
Alterosa,-21.2488,-46.1387,Sul/Sudoeste de Minas
Alto Caparaó,-20.431,-41.8738,Zona da Mata
Alto Jequitibá,-20.4208,-41.967,Zona da Mata
Alto Rio Doce,-21.0281,-43.4067,Zona da Mata
Alvarenga,-19.4174,-41.7317,Vale do Rio Doce
Alvinópolis,-20.1098,-43.0535,Metropolitana de Belo Horizonte
Alvorada de Minas,-18.7334,-43.3638,Metropolitana de Belo Horizonte
Amparo do Serra,-20.5051,-42.8009,Zona da Mata
Andradas,-22.0695,-46.5724,Sul/Sudoeste de Minas
Andrelândia,-21.7411,-44.3117,Sul/Sudoeste de Minas
Angelândia,-17.7279,-42.2641,Jequitinhonha
Antônio Carlos,-21.321,-43.7451,Campo das Vertentes
Antônio Dias,-19.6491,-42.8732,Vale do Rio Doce
Antônio Prado de Minas,-21.0192,-42.1109,Zona da Mata
Araçaí,-19.1955,-44.2493,Metropolitana de Belo Horizonte
Aracitaba,-21.3446,-43.3736,Zona da Mata
Araçuaí,-16.8523,-42.0637,Jequitinhonha
Araguari,-18.6456,-48.1934,Triângulo Mineiro/Alto Paranaíba
Arantina,-21.9102,-44.2555,Sul/Sudoeste de Minas
Araponga,-20.6686,-42.5178,Zona da Mata
Araporã,-18.4357,-49.1847,Triângulo Mineiro/Alto Paranaíba
Arapuá,-19.0268,-46.1484,Triângulo Mineiro/Alto Paranaíba
Araújos,-19.9405,-45.1671,Central Mineira
Araxá,-19.5902,-46.9438,Triângulo Mineiro/Alto Paranaíba
Arceburgo,-21.359,-46.9401,Sul/Sudoeste de Minas
Arcos,-20.2863,-45.5373,Oeste de Minas
Areado,-21.3572,-46.1421,Sul/Sudoeste de Minas
Argirita,-21.6083,-42.8292,Zona da Mata
Aricanduva,-17.8666,-42.5533,Jequitinhonha
Arinos,-15.9187,-46.1043,Noroeste de Minas
Astolfo Dutra,-21.3184,-42.8572,Zona da Mata
Ataléia,-18.0438,-41.1149,Vale do Mucuri
Augusto de Lima,-18.0997,-44.2655,Central Mineira
Baependi,-21.957,-44.8874,Sul/Sudoeste de Minas
Baldim,-19.2832,-43.9613,Metropolitana de Belo Horizonte
Bambuí,-20.0166,-45.9754,Oeste de Minas
Bandeira,-15.8783,-40.5622,Jequitinhonha
Bandeira do Sul,-21.7308,-46.3833,Sul/Sudoeste de Minas
Barão de Cocais,-19.9389,-43.4755,Metropolitana de Belo Horizonte
Barão de Monte Alto,-21.2444,-42.2372,
Barbacena,-21.2214,-43.7703,Campo das Vertentes
Barra Longa,-20.2869,-43.0402,Zona da Mata
Barroso,-21.1907,-43.972,Campo das Vertentes
Bela Vista de Minas,-19.8302,-43.0922,Metropolitana de Belo Horizonte
Belmiro Braga,-21.944,-43.4084,Zona da Mata
Belo Horizonte,-19.9102,-43.9266,Metropolitana de Belo Horizonte
Belo Oriente,-19.2199,-42.4828,Vale do Rio Doce
Belo Vale,-20.4077,-44.0275,Metropolitana de Belo Horizonte
Berilo,-16.9567,-42.4606,Jequitinhonha
Berizal,-15.61,-41.7432,Norte de Minas
Bertópolis,-17.059,-40.58,Vale do Mucuri
Betim,-19.9668,-44.2008,Metropolitana de Belo Horizonte
Bias Fortes,-21.602,-43.7574,Zona da Mata
Bicas,-21.7232,-43.056,Zona da Mata
Biquinhas,-18.7754,-45.4974,Central Mineira
Boa Esperança,-21.0927,-45.5612,Sul/Sudoeste de Minas
Bocaina de Minas,-22.1697,-44.3972,Sul/Sudoeste de Minas
Bocaiúva,-17.1135,-43.8104,Norte de Minas
Bom Despacho,-19.7386,-45.2622,Central Mineira
Bom Jardim de Minas,-21.9479,-44.1885,Sul/Sudoeste de Minas
Bom Jesus da Penha,-21.0148,-46.5174,Sul/Sudoeste de Minas
Bom Jesus do Amparo,-19.7054,-43.4782,Metropolitana de Belo Horizonte
Bom Jesus do Galho,-19.836,-42.3165,Vale do Rio Doce
Bom Repouso,-22.4675,-46.144,Sul/Sudoeste de Minas
Bom Sucesso,-21.0329,-44.7537,Oeste de Minas
Bonfim,-20.3302,-44.2366,Metropolitana de Belo Horizonte
Bonfinópolis de Minas,-16.568,-45.9839,Noroeste de Minas
Bonito de Minas,-15.3231,-44.7543,Norte de Minas
Borda da Mata,-22.2707,-46.1653,Sul/Sudoeste de Minas
Botelhos,-21.6412,-46.391,Sul/Sudoeste de Minas
Botumirim,-16.8657,-43.0086,Norte de Minas
Brás Pires,-20.8419,-43.2406,Zona da Mata
Brasilândia de Minas,-16.9999,-46.0081,Noroeste de Minas
Brasília de Minas,-16.2104,-44.4299,Norte de Minas
Braúnas,-19.0562,-42.7099,Vale do Rio Doce
Brazópolis,-22.4743,-45.6166,Sul/Sudoeste de Minas
Brumadinho,-20.151,-44.2007,Metropolitana de Belo Horizonte
Bueno Brandão,-22.4383,-46.3491,Sul/Sudoeste de Minas
Buenópolis,-17.8744,-44.1775,Central Mineira
Bugre,-19.4231,-42.2552,Vale do Rio Doce
Buritis,-15.6218,-46.4221,Noroeste de Minas
Buritizeiro,-17.3656,-44.9606,Norte de Minas
Cabeceira Grande,-16.0335,-47.0862,Noroeste de Minas
Cabo Verde,-21.4699,-46.3919,Sul/Sudoeste de Minas
Cachoeira da Prata,-19.521,-44.4544,Metropolitana de Belo Horizonte
Cachoeira de Minas,-22.3511,-45.7809,Sul/Sudoeste de Minas
Cachoeira de Pajeú,-15.9688,-41.4948,Jequitinhonha
Cachoeira Dourada,-18.5161,-49.5039,Triângulo Mineiro/Alto Paranaíba
Caetanópolis,-19.2971,-44.4189,Metropolitana de Belo Horizonte
Caeté,-19.8826,-43.6704,Metropolitana de Belo Horizonte
Caiana,-20.6956,-41.9292,Zona da Mata
Cajuri,-20.7903,-42.7925,Zona da Mata
Caldas,-21.9183,-46.3843,Sul/Sudoeste de Minas
Camacho,-20.6294,-45.1593,Oeste de Minas
Camanducaia,-22.7515,-46.1494,Sul/Sudoeste de Minas
Cambuí,-22.6115,-46.0572,Sul/Sudoeste de Minas
Cambuquira,-21.854,-45.2896,Sul/Sudoeste de Minas
Campanário,-18.2427,-41.7355,Vale do Rio Doce
Campanha,-21.836,-45.4004,Sul/Sudoeste de Minas
Campestre,-21.7079,-46.2381,Sul/Sudoeste de Minas
Campina Verde,-19.5382,-49.4862,Triângulo Mineiro/Alto Paranaíba
Campo Azul,-16.5028,-44.8096,Norte de Minas
Campo Belo,-20.8932,-45.2699,Oeste de Minas
Campo do Meio,-21.1127,-45.8273,Sul/Sudoeste de Minas
Campo Florido,-19.7631,-48.5716,Triângulo Mineiro/Alto Paranaíba
Campos Altos,-19.6914,-46.1725,Triângulo Mineiro/Alto Paranaíba
Campos Gerais,-21.237,-45.7569,Sul/Sudoeste de Minas
Cana Verde,-21.0232,-45.1801,Oeste de Minas
Canaã,-20.6869,-42.6167,Zona da Mata
Canápolis,-18.7212,-49.2035,Triângulo Mineiro/Alto Paranaíba
Candeias,-20.7692,-45.2765,Oeste de Minas
Cantagalo,-18.5248,-42.6223,Vale do Rio Doce
Caparaó,-20.5289,-41.9061,Zona da Mata
Capela Nova,-20.9179,-43.622,Campo das Vertentes
Capelinha,-17.6888,-42.5147,Jequitinhonha
Capetinga,-20.6163,-47.0571,Sul/Sudoeste de Minas
Capim Branco,-19.5471,-44.1304,Metropolitana de Belo Horizonte
Capinópolis,-18.6862,-49.5706,Triângulo Mineiro/Alto Paranaíba
Capitão Andrade,-19.0748,-41.8614,Vale do Rio Doce
Capitão Enéas,-16.3265,-43.7084,Norte de Minas
Capitólio,-20.6164,-46.0493,Sul/Sudoeste de Minas
Caputira,-20.1703,-42.2683,Zona da Mata
Caraí,-17.1862,-41.7004,Jequitinhonha
Caranaíba,-20.8707,-43.7417,Campo das Vertentes
Carandaí,-20.9566,-43.811,Campo das Vertentes
Carangola,-20.7343,-42.0313,Zona da Mata
Caratinga,-19.7868,-42.1292,Vale do Rio Doce
Carbonita,-17.5255,-43.0137,Jequitinhonha
Careaçu,-22.0424,-45.696,Sul/Sudoeste de Minas
Carlos Chagas,-17.6973,-40.7723,Vale do Mucuri
Carmésia,-19.0877,-43.1382,Vale do Rio Doce
Carmo da Cachoeira,-21.4633,-45.2201,Sul/Sudoeste de Minas
Carmo da Mata,-20.5575,-44.8735,Oeste de Minas
Carmo de Minas,-22.1204,-45.1307,Sul/Sudoeste de Minas
Carmo do Cajuru,-20.1912,-44.7664,Oeste de Minas
Carmo do Paranaíba,-18.991,-46.3167,Triângulo Mineiro/Alto Paranaíba
Carmo do Rio Claro,-20.9736,-46.1149,Sul/Sudoeste de Minas
Carmópolis de Minas,-20.5396,-44.6336,Oeste de Minas
Carneirinho,-19.6987,-50.6894,Triângulo Mineiro/Alto Paranaíba
Carrancas,-21.4898,-44.6446,Campo das Vertentes
Carvalhópolis,-21.7735,-45.8421,Sul/Sudoeste de Minas
Carvalhos,-22.0,-44.4632,Sul/Sudoeste de Minas
Casa Grande,-20.7925,-43.9343,Metropolitana de Belo Horizonte
Cascalho Rico,-18.5772,-47.8716,Triângulo Mineiro/Alto Paranaíba
Cássia,-20.5831,-46.9201,Sul/Sudoeste de Minas
Cataguases,-21.3924,-42.6896,Zona da Mata
Catas Altas,-20.0734,-43.4061,Metropolitana de Belo Horizonte
Catas Altas da Noruega,-20.6901,-43.4939,Metropolitana de Belo Horizonte
Catuji,-17.3018,-41.5276,Vale do Mucuri
Catuti,-15.3616,-42.9627,Norte de Minas
Caxambu,-21.9753,-44.9319,Sul/Sudoeste de Minas
Cedro do Abaeté,-19.1458,-45.712,Central Mineira
Central de Minas,-18.7612,-41.3143,Vale do Rio Doce
Centralina,-18.5852,-49.2014,Triângulo Mineiro/Alto Paranaíba
Chácara,-21.6733,-43.215,Zona da Mata
Chalé,-20.0453,-41.6897,Zona da Mata
Chapada do Norte,-17.0881,-42.5392,Jequitinhonha
Chapada Gaúcha,-15.3014,-45.6116,Norte de Minas
Chiador,-21.9996,-43.0617,Zona da Mata
Cipotânea,-20.9026,-43.3629,Zona da Mata
Claraval,-20.397,-47.2768,Sul/Sudoeste de Minas
Claro dos Poções,-17.082,-44.2061,Norte de Minas
Cláudio,-20.4437,-44.7673,Oeste de Minas
Coimbra,-20.8535,-42.8008,Zona da Mata
Coluna,-18.2311,-42.8352,Vale do Rio Doce
Comendador Gomes,-19.6973,-49.0789,Triângulo Mineiro/Alto Paranaíba
Comercinho,-16.2963,-41.7945,Jequitinhonha
Conceição da Aparecida,-21.096,-46.2049,Sul/Sudoeste de Minas
Conceição da Barra de Minas,-21.1316,-44.4729,Campo das Vertentes
Conceição das Alagoas,-19.9172,-48.3839,Triângulo Mineiro/Alto Paranaíba
Conceição das Pedras,-22.1576,-45.4562,Sul/Sudoeste de Minas
Conceição de Ipanema,-19.9326,-41.6908,Vale do Rio Doce
Conceição do Mato Dentro,-19.0344,-43.4221,Metropolitana de Belo Horizonte
Conceição do Pará,-19.7456,-44.8945,Oeste de Minas
Conceição do Rio Verde,-21.8778,-45.087,Sul/Sudoeste de Minas
Conceição dos Ouros,-22.4078,-45.7996,Sul/Sudoeste de Minas
Cônego Marinho,-15.2892,-44.4181,Norte de Minas
Confins,-19.6282,-43.9931,Metropolitana de Belo Horizonte
Congonhal,-22.1488,-46.043,Sul/Sudoeste de Minas
Congonhas,-20.4958,-43.851,Metropolitana de Belo Horizonte
Congonhas do Norte,-18.8021,-43.6767,Metropolitana de Belo Horizonte
Conquista,-19.9312,-47.5492,Triângulo Mineiro/Alto Paranaíba
Conselheiro Lafaiete,-20.6634,-43.7846,Metropolitana de Belo Horizonte
Conselheiro Pena,-19.1789,-41.4736,Vale do Rio Doce
Consolação,-22.5493,-45.9255,Sul/Sudoeste de Minas
Contagem,-19.9321,-44.0539,Metropolitana de Belo Horizonte
Coqueiral,-21.1858,-45.4366,Sul/Sudoeste de Minas
Coração de Jesus,-16.6841,-44.3635,Norte de Minas
Cordisburgo,-19.1224,-44.3224,Metropolitana de Belo Horizonte
Cordislândia,-21.7891,-45.6999,Sul/Sudoeste de Minas
Corinto,-18.369,-44.4542,Central Mineira
Coroaci,-18.6156,-42.2791,Vale do Rio Doce
Coromandel,-18.4734,-47.1933,Triângulo Mineiro/Alto Paranaíba
Coronel Fabriciano,-19.5179,-42.6276,Vale do Rio Doce
Coronel Murta,-16.6148,-42.184,Jequitinhonha
Coronel Pacheco,-21.5898,-43.256,Zona da Mata
Coronel Xavier Chaves,-21.0277,-44.2206,Campo das Vertentes
Córrego Danta,-19.8198,-45.9032,Oeste de Minas
Córrego do Bom Jesus,-22.6269,-46.0241,Sul/Sudoeste de Minas
Córrego Fundo,-20.4474,-45.5617,Oeste de Minas
Córrego Novo,-19.8361,-42.3988,Vale do Rio Doce
Couto de Magalhães de Minas,-18.0727,-43.4648,Jequitinhonha
Crisólita,-17.2381,-40.9184,Vale do Mucuri
Cristais,-20.8733,-45.5167,Oeste de Minas
Cristália,-16.716,-42.8571,Norte de Minas
Cristiano Otoni,-20.8324,-43.8166,Metropolitana de Belo Horizonte
Cristina,-22.208,-45.2673,Sul/Sudoeste de Minas
Crucilândia,-20.3923,-44.3334,Metropolitana de Belo Horizonte
Cruzeiro da Fortaleza,-18.944,-46.6669,Triângulo Mineiro/Alto Paranaíba
Cruzília,-21.84,-44.8067,Sul/Sudoeste de Minas
Cuparaque,-18.9648,-41.0986,Vale do Rio Doce
Curral de Dentro,-15.9327,-41.8557,Norte de Minas
Curvelo,-18.7527,-44.4303,Central Mineira
Datas,-18.4478,-43.6591,Jequitinhonha
Delfim Moreira,-22.5036,-45.2792,Sul/Sudoeste de Minas
Delfinópolis,-20.3468,-46.8456,Sul/Sudoeste de Minas
Delta,-19.9721,-47.7841,Triângulo Mineiro/Alto Paranaíba
Descoberto,-21.46,-42.9618,Zona da Mata
Desterro de Entre Rios,-20.665,-44.3334,Metropolitana de Belo Horizonte
Desterro do Melo,-21.143,-43.5178,Campo das Vertentes
Diamantina,-18.2413,-43.6031,Jequitinhonha
Diogo de Vasconcelos,-20.4879,-43.1953,Metropolitana de Belo Horizonte
Dionísio,-19.8433,-42.7701,Metropolitana de Belo Horizonte
Divinésia,-20.9917,-43.0003,Zona da Mata
Divino,-20.6134,-42.1438,Zona da Mata
Divino das Laranjeiras,-18.7755,-41.4781,Vale do Rio Doce
Divinolândia de Minas,-18.8004,-42.6103,Vale do Rio Doce
Divinópolis,-20.1446,-44.8912,Oeste de Minas
Divisa Alegre,-15.7221,-41.3463,Norte de Minas
Divisa Nova,-21.5092,-46.1904,Sul/Sudoeste de Minas
Divisópolis,-15.7254,-40.9997,Jequitinhonha
Dom Bosco,-16.652,-46.2597,Noroeste de Minas
Dom Cavati,-19.3735,-42.1121,Vale do Rio Doce
Dom Joaquim,-18.961,-43.2544,Metropolitana de Belo Horizonte
Dom Silvério,-20.1627,-42.9627,Zona da Mata
Dom Viçoso,-22.2511,-45.1643,Sul/Sudoeste de Minas
Dona Eusébia,-21.319,-42.807,
Dores de Campos,-21.1139,-44.0207,Campo das Vertentes
Dores de Guanhães,-19.0516,-42.9254,Vale do Rio Doce
Dores do Indaiá,-19.4628,-45.5927,Central Mineira
Dores do Turvo,-20.9785,-43.1834,Zona da Mata
Doresópolis,-20.2868,-45.9007,Oeste de Minas
Douradoquara,-18.4338,-47.5993,Triângulo Mineiro/Alto Paranaíba
Durandé,-20.2058,-41.7977,Zona da Mata
Elói Mendes,-21.6088,-45.5691,Sul/Sudoeste de Minas
Engenheiro Caldas,-19.2065,-42.0503,Vale do Rio Doce
Engenheiro Navarro,-17.2831,-43.947,Norte de Minas
Entre Folhas,-19.6218,-42.2306,Vale do Rio Doce
Entre Rios de Minas,-20.6706,-44.0654,Metropolitana de Belo Horizonte
Ervália,-20.8403,-42.6544,Zona da Mata
Esmeraldas,-19.764,-44.3065,Metropolitana de Belo Horizonte
Espera Feliz,-20.6508,-41.9119,Zona da Mata
Espinosa,-14.9249,-42.809,Norte de Minas
Espírito Santo do Dourado,-22.0454,-45.9548,Sul/Sudoeste de Minas
Estiva,-22.4577,-46.0191,Sul/Sudoeste de Minas
Estrela Dalva,-21.7412,-42.4574,Zona da Mata
Estrela do Indaiá,-19.5169,-45.7859,Central Mineira
Estrela do Sul,-18.7399,-47.6956,Triângulo Mineiro/Alto Paranaíba
Eugenópolis,-21.1002,-42.1878,Zona da Mata
Ewbank da Câmara,-21.5498,-43.5068,Zona da Mata
Extrema,-22.854,-46.3178,Sul/Sudoeste de Minas
Fama,-21.4089,-45.8286,Sul/Sudoeste de Minas
Faria Lemos,-20.8097,-42.0213,Zona da Mata
Felício dos Santos,-18.0755,-43.2422,Jequitinhonha
Felisburgo,-16.6348,-40.7605,Jequitinhonha
Felixlândia,-18.7507,-44.9004,Central Mineira
Fernandes Tourinho,-19.1541,-42.0803,Vale do Rio Doce
Ferros,-19.2343,-43.0192,Metropolitana de Belo Horizonte
Fervedouro,-20.726,-42.279,Zona da Mata
Florestal,-19.888,-44.4318,Metropolitana de Belo Horizonte
Formiga,-20.4618,-45.4268,Oeste de Minas
Formoso,-14.9446,-46.2371,Noroeste de Minas
Fortaleza de Minas,-20.8508,-46.712,Sul/Sudoeste de Minas
Fortuna de Minas,-19.5578,-44.4472,Metropolitana de Belo Horizonte
Francisco Badaró,-16.9883,-42.3568,Jequitinhonha
Francisco Dumont,-17.3107,-44.2317,Norte de Minas
Francisco Sá,-16.4827,-43.4896,Norte de Minas
Franciscópolis,-17.9578,-42.0094,Vale do Mucuri
Frei Gaspar,-18.0709,-41.4325,Vale do Mucuri
Frei Inocêncio,-18.5556,-41.9121,Vale do Rio Doce
Frei Lagonegro,-18.1751,-42.7617,Vale do Rio Doce
Fronteira,-20.2748,-49.1984,Triângulo Mineiro/Alto Paranaíba
Fronteira dos Vales,-16.8898,-40.923,Vale do Mucuri
Fruta de Leite,-16.1225,-42.5288,Norte de Minas
Frutal,-20.0259,-48.9355,Triângulo Mineiro/Alto Paranaíba
Funilândia,-19.3661,-44.061,Metropolitana de Belo Horizonte
Galiléia,-19.0005,-41.5387,Vale do Rio Doce
Gameleiras,-15.0829,-43.125,Norte de Minas
Glaucilândia,-16.8481,-43.692,Norte de Minas
Goiabeira,-18.9807,-41.2235,Vale do Rio Doce
Goianá,-21.536,-43.1957,Zona da Mata
Gonçalves,-22.6545,-45.8556,Sul/Sudoeste de Minas
Gonzaga,-18.8196,-42.4769,Vale do Rio Doce
Gouveia,-18.4519,-43.7423,Jequitinhonha
Governador Valadares,-18.8545,-41.9555,Vale do Rio Doce
Grão Mogol,-16.5662,-42.8923,Norte de Minas
Grupiara,-18.5003,-47.7318,Triângulo Mineiro/Alto Paranaíba
Guanhães,-18.7713,-42.9312,Vale do Rio Doce
Guapé,-20.7631,-45.9152,Sul/Sudoeste de Minas
Guaraciaba,-20.5716,-43.0094,Zona da Mata
Guaraciama,-17.0142,-43.6675,Norte de Minas
Guaranésia,-21.3009,-46.7964,Sul/Sudoeste de Minas
Guarani,-21.3563,-43.0328,Zona da Mata
Guarará,-21.7304,-43.0334,Zona da Mata
Guarda-Mor,-17.7673,-47.0998,Noroeste de Minas
Guaxupé,-21.305,-46.7081,Sul/Sudoeste de Minas
Guidoval,-21.155,-42.7887,Zona da Mata
Guimarânia,-18.8425,-46.7901,Triângulo Mineiro/Alto Paranaíba
Guiricema,-21.0098,-42.7207,Zona da Mata
Gurinhatã,-19.2143,-49.7876,Triângulo Mineiro/Alto Paranaíba
Heliodora,-22.0644,-45.5453,Sul/Sudoeste de Minas
Iapu,-19.4387,-42.2147,Vale do Rio Doce
Ibertioga,-21.433,-43.9639,Campo das Vertentes
Ibiá,-19.4749,-46.5474,Triângulo Mineiro/Alto Paranaíba
Ibiaí,-16.8591,-44.9046,Norte de Minas
Ibiracatu,-15.6605,-44.1667,Norte de Minas
Ibiraci,-20.4611,-47.1222,Sul/Sudoeste de Minas
Ibirité,-20.0252,-44.0569,Metropolitana de Belo Horizonte
Ibitiúra de Minas,-22.0604,-46.4368,Sul/Sudoeste de Minas
Ibituruna,-21.1541,-44.7479,Oeste de Minas
Icaraí de Minas,-16.214,-44.9034,Norte de Minas
Igarapé,-20.0707,-44.2994,Metropolitana de Belo Horizonte
Igaratinga,-19.9476,-44.7063,Oeste de Minas
Iguatama,-20.1776,-45.7111,Oeste de Minas
Ijaci,-21.1738,-44.9233,Campo das Vertentes
Ilicínea,-20.9402,-45.8308,Sul/Sudoeste de Minas
Imbé de Minas,-19.6017,-41.9695,Vale do Rio Doce
Inconfidentes,-22.3136,-46.3264,Sul/Sudoeste de Minas
Indaiabira,-15.4911,-42.2005,Norte de Minas
Indianópolis,-19.0341,-47.9155,Triângulo Mineiro/Alto Paranaíba
Ingaí,-21.4024,-44.9152,Campo das Vertentes
Inhapim,-19.5476,-42.1147,Vale do Rio Doce
Inhaúma,-19.4898,-44.3934,Metropolitana de Belo Horizonte
Inimutaba,-18.7271,-44.3584,Central Mineira
Ipaba,-19.4158,-42.4139,Vale do Rio Doce
Ipanema,-19.7992,-41.7164,Vale do Rio Doce
Ipatinga,-19.4703,-42.5476,Vale do Rio Doce
Ipiaçu,-18.6927,-49.9436,Triângulo Mineiro/Alto Paranaíba
Ipuiúna,-22.1013,-46.1915,Sul/Sudoeste de Minas
Iraí de Minas,-18.9819,-47.461,Triângulo Mineiro/Alto Paranaíba
Itabira,-19.6239,-43.2312,Metropolitana de Belo Horizonte
Itabirinha,-18.5712,-41.234,Vale do Rio Doce
Itabirito,-20.2501,-43.8038,Metropolitana de Belo Horizonte
Itacambira,-17.0625,-43.3069,Norte de Minas
Itacarambi,-15.089,-44.095,Norte de Minas
Itaguara,-20.3947,-44.4875,Metropolitana de Belo Horizonte
Itaipé,-17.4014,-41.6697,Vale do Mucuri
Itajubá,-22.4225,-45.4598,Sul/Sudoeste de Minas
Itamarandiba,-17.8552,-42.8561,Jequitinhonha
Itamarati de Minas,-21.4179,-42.813,Zona da Mata
Itambacuri,-18.035,-41.683,Vale do Rio Doce
Itambé do Mato Dentro,-19.4158,-43.3182,Metropolitana de Belo Horizonte
Itamogi,-21.0758,-47.046,Sul/Sudoeste de Minas
Itamonte,-22.2859,-44.868,Sul/Sudoeste de Minas
Itanhandu,-22.2942,-44.9382,Sul/Sudoeste de Minas
Itanhomi,-19.1736,-41.863,Vale do Rio Doce
Itaobim,-16.5571,-41.5017,Jequitinhonha
Itapagipe,-19.9062,-49.3781,Triângulo Mineiro/Alto Paranaíba
Itapecerica,-20.4704,-45.127,Oeste de Minas
Itapeva,-22.7665,-46.2241,Sul/Sudoeste de Minas
Itatiaiuçu,-20.1983,-44.4211,Metropolitana de Belo Horizonte
Itaú de Minas,-20.7375,-46.7525,Sul/Sudoeste de Minas
Itaúna,-20.0818,-44.5801,Oeste de Minas
Itaverava,-20.6769,-43.6141,Metropolitana de Belo Horizonte
Itinga,-16.61,-41.7672,Jequitinhonha
Itueta,-19.3999,-41.1746,Vale do Rio Doce
Ituiutaba,-18.9772,-49.4639,Triângulo Mineiro/Alto Paranaíba
Itumirim,-21.3171,-44.8724,Campo das Vertentes
Iturama,-19.7276,-50.1966,Triângulo Mineiro/Alto Paranaíba
Itutinga,-21.3,-44.6567,Campo das Vertentes
Jaboticatubas,-19.5119,-43.7373,Metropolitana de Belo Horizonte
Jacinto,-16.1428,-40.295,Jequitinhonha
Jacuí,-21.0137,-46.7359,Sul/Sudoeste de Minas
Jacutinga,-22.286,-46.6166,Sul/Sudoeste de Minas
Jaguaraçu,-19.647,-42.7498,Vale do Rio Doce
Jaíba,-15.3432,-43.6688,Norte de Minas
Jampruca,-18.461,-41.809,Vale do Rio Doce
Janaúba,-15.8022,-43.3132,Norte de Minas
Januária,-15.4802,-44.3639,Norte de Minas
Japaraíba,-20.1442,-45.5015,Central Mineira
Japonvar,-15.9891,-44.2758,Norte de Minas
Jeceaba,-20.5339,-43.9894,Metropolitana de Belo Horizonte
Jenipapo de Minas,-17.0831,-42.2589,Jequitinhonha
Jequeri,-20.4542,-42.6651,Zona da Mata
Jequitaí,-17.229,-44.4376,Norte de Minas
Jequitibá,-19.2345,-44.0304,Metropolitana de Belo Horizonte
Jequitinhonha,-16.4375,-41.0117,Jequitinhonha
Jesuânia,-21.9887,-45.2911,Sul/Sudoeste de Minas
Joaíma,-16.6522,-41.0229,Jequitinhonha
Joanésia,-19.1729,-42.6775,Vale do Rio Doce
João Monlevade,-19.8126,-43.1735,Metropolitana de Belo Horizonte
João Pinheiro,-17.7398,-46.1715,Noroeste de Minas
Joaquim Felício,-17.758,-44.1643,Central Mineira
Jordânia,-15.9009,-40.1841,Jequitinhonha
José Gonçalves de Minas,-16.9053,-42.6014,Jequitinhonha
José Raydan,-18.2195,-42.4946,Vale do Rio Doce
Josenópolis,-16.5417,-42.5151,Norte de Minas
Juatuba,-19.9448,-44.3451,Metropolitana de Belo Horizonte
Juiz de Fora,-21.7595,-43.3398,Zona da Mata
Juramento,-16.8473,-43.5865,Norte de Minas
Juruaia,-21.2493,-46.5735,Sul/Sudoeste de Minas
Juvenília,-14.2662,-44.1597,Norte de Minas
Ladainha,-17.6279,-41.7488,Vale do Mucuri
Lagamar,-18.1759,-46.8063,Noroeste de Minas
Lagoa da Prata,-20.0237,-45.5401,Central Mineira
Lagoa dos Patos,-16.978,-44.5754,Norte de Minas
Lagoa Dourada,-20.9139,-44.0797,Campo das Vertentes
Lagoa Formosa,-18.7715,-46.4012,Triângulo Mineiro/Alto Paranaíba
Lagoa Grande,-17.8323,-46.5165,Noroeste de Minas
Lagoa Santa,-19.6397,-43.8932,Metropolitana de Belo Horizonte
Lajinha,-20.1539,-41.6228,Zona da Mata
Lambari,-21.9671,-45.3498,Sul/Sudoeste de Minas
Lamim,-20.79,-43.4706,Zona da Mata
Laranjal,-21.3715,-42.4732,Zona da Mata
Lassance,-17.887,-44.5735,Norte de Minas
Lavras,-21.248,-45.0009,Campo das Vertentes
Leandro Ferreira,-19.7193,-45.0279,Central Mineira
Leme do Prado,-17.0793,-42.6936,Jequitinhonha
Leopoldina,-21.5296,-42.6421,Zona da Mata
Liberdade,-22.0275,-44.3208,Sul/Sudoeste de Minas
Lima Duarte,-21.8386,-43.7934,Zona da Mata
Limeira do Oeste,-19.5512,-50.5815,Triângulo Mineiro/Alto Paranaíba
Lontra,-15.9013,-44.306,Norte de Minas
Luisburgo,-20.4468,-42.0976,Zona da Mata
Luislândia,-16.1095,-44.5886,Norte de Minas
Luminárias,-21.5145,-44.9034,Campo das Vertentes
Luz,-19.7911,-45.6794,Central Mineira
Machacalis,-17.0723,-40.7245,Vale do Mucuri
Machado,-21.6778,-45.9219,Sul/Sudoeste de Minas
Madre de Deus de Minas,-21.483,-44.3287,Campo das Vertentes
Malacacheta,-17.8456,-42.0769,Vale do Mucuri
Mamonas,-15.0479,-42.9469,Norte de Minas
Manga,-14.7529,-43.9391,Norte de Minas
Manhuaçu,-20.2572,-42.028,Zona da Mata
Manhumirim,-20.3591,-41.9589,Zona da Mata
Mantena,-18.7761,-40.9874,Vale do Rio Doce
Mar de Espanha,-21.8707,-43.0062,Zona da Mata
Maravilhas,-19.5076,-44.6779,Metropolitana de Belo Horizonte
Maria da Fé,-22.3044,-45.3773,Sul/Sudoeste de Minas
Mariana,-20.3765,-43.414,Metropolitana de Belo Horizonte
Marilac,-18.5079,-42.0822,Vale do Rio Doce
Mário Campos,-20.0582,-44.1883,Metropolitana de Belo Horizonte
Maripá de Minas,-21.6979,-42.9546,Zona da Mata
Marliéria,-19.7096,-42.7327,Vale do Rio Doce
Marmelópolis,-22.447,-45.1645,Sul/Sudoeste de Minas
Martinho Campos,-19.3306,-45.2434,Central Mineira
Martins Soares,-20.2546,-41.8786,Zona da Mata
Mata Verde,-15.6869,-40.7366,Jequitinhonha
Materlândia,-18.4699,-43.0579,Vale do Rio Doce
Mateus Leme,-19.9794,-44.4318,Metropolitana de Belo Horizonte
Mathias Lobato,-18.59,-41.9166,Vale do Rio Doce
Matias Barbosa,-21.869,-43.3135,Zona da Mata
Matias Cardoso,-14.8563,-43.9146,Norte de Minas
Matipó,-20.2873,-42.3401,Zona da Mata
Mato Verde,-15.3944,-42.86,Norte de Minas
Matozinhos,-19.5543,-44.0868,Metropolitana de Belo Horizonte
Matutina,-19.2179,-45.9664,Triângulo Mineiro/Alto Paranaíba
Medeiros,-19.9865,-46.2181,Oeste de Minas
Medina,-16.2245,-41.4728,Jequitinhonha
Mendes Pimentel,-18.6631,-41.4052,Vale do Rio Doce
Mercês,-21.1976,-43.3337,Zona da Mata
Mesquita,-19.224,-42.6079,Vale do Rio Doce
Minas Novas,-17.2156,-42.5884,Jequitinhonha
Minduri,-21.6797,-44.6051,Sul/Sudoeste de Minas
Mirabela,-16.256,-44.1602,Norte de Minas
Miradouro,-20.8899,-42.3458,Zona da Mata
Miraí,-21.2021,-42.6122,Zona da Mata
Miravânia,-14.7348,-44.4092,Norte de Minas
Moeda,-20.3399,-44.0509,Metropolitana de Belo Horizonte
Moema,-19.8387,-45.4127,Central Mineira
Monjolos,-18.3245,-44.118,Central Mineira
Monsenhor Paulo,-21.7579,-45.5391,Sul/Sudoeste de Minas
Montalvânia,-14.4197,-44.3719,Norte de Minas
Monte Alegre de Minas,-18.869,-48.881,Triângulo Mineiro/Alto Paranaíba
Monte Azul,-15.1514,-42.8718,Norte de Minas
Monte Belo,-21.3271,-46.3635,Sul/Sudoeste de Minas
Monte Carmelo,-18.7302,-47.4912,Triângulo Mineiro/Alto Paranaíba
Monte Formoso,-16.8691,-41.2473,Jequitinhonha
Monte Santo de Minas,-21.1873,-46.9753,Sul/Sudoeste de Minas
Monte Sião,-22.4335,-46.573,Sul/Sudoeste de Minas
Montes Claros,-16.7282,-43.8578,Norte de Minas
Montezuma,-15.1702,-42.4941,Norte de Minas
Morada Nova de Minas,-18.5998,-45.3584,Central Mineira
Morro da Garça,-18.5356,-44.601,Central Mineira
Morro do Pilar,-19.2236,-43.3795,Metropolitana de Belo Horizonte
Munhoz,-22.6092,-46.362,Sul/Sudoeste de Minas
Muriaé,-21.13,-42.3693,Zona da Mata
Mutum,-19.8121,-41.4407,Vale do Rio Doce
Muzambinho,-21.3692,-46.5213,Sul/Sudoeste de Minas
Nacip Raydan,-18.4544,-42.2481,Vale do Rio Doce
Nanuque,-17.8481,-40.3533,Vale do Mucuri
Naque,-19.2291,-42.3312,Vale do Rio Doce
Natalândia,-16.5021,-46.4874,Noroeste de Minas
Natércia,-22.1158,-45.5123,Sul/Sudoeste de Minas
Nazareno,-21.2168,-44.6138,Campo das Vertentes
Nepomuceno,-21.2324,-45.235,Campo das Vertentes
Ninheira,-15.3148,-41.7564,Norte de Minas
Nova Belém,-18.4925,-41.1107,Vale do Rio Doce
Nova Era,-19.7577,-43.0333,Metropolitana de Belo Horizonte
Nova Lima,-19.9758,-43.8509,Metropolitana de Belo Horizonte
Nova Módica,-18.4417,-41.4984,Vale do Rio Doce
Nova Ponte,-19.1461,-47.6779,Triângulo Mineiro/Alto Paranaíba
Nova Porteirinha,-15.7993,-43.2941,Norte de Minas
Nova Resende,-21.1286,-46.4157,Sul/Sudoeste de Minas
Nova Serrana,-19.8713,-44.9847,Oeste de Minas
Nova União,-19.6876,-43.583,Metropolitana de Belo Horizonte
Novo Cruzeiro,-17.4654,-41.8826,Jequitinhonha
Novo Oriente de Minas,-17.4089,-41.2194,Vale do Mucuri
Novorizonte,-16.0162,-42.4044,Norte de Minas
Olaria,-21.8598,-43.9356,Zona da Mata
Olhos d'Água,-17.3982,-43.5719,
Olímpio Noronha,-22.0685,-45.2657,Sul/Sudoeste de Minas
Oliveira,-20.6982,-44.829,Oeste de Minas
Oliveira Fortes,-21.3401,-43.4499,Zona da Mata
Onça de Pitangui,-19.7276,-44.8058,Metropolitana de Belo Horizonte
Oratórios,-20.4298,-42.7977,Zona da Mata
Orizânia,-20.5142,-42.1991,Zona da Mata
Ouro Branco,-20.5263,-43.6962,Metropolitana de Belo Horizonte
Ouro Fino,-22.2779,-46.3716,Sul/Sudoeste de Minas
Ouro Preto,-20.3796,-43.512,Metropolitana de Belo Horizonte
Ouro Verde de Minas,-18.0719,-41.2734,Vale do Mucuri
Padre Carvalho,-16.3646,-42.5088,Norte de Minas
Padre Paraíso,-17.0758,-41.4821,Jequitinhonha
Pai Pedro,-15.5271,-43.07,Norte de Minas
Paineiras,-18.8993,-45.5321,Central Mineira
Pains,-20.3705,-45.6627,Oeste de Minas
Paiva,-21.2913,-43.4088,Zona da Mata
Palma,-21.3748,-42.3123,Zona da Mata
Palmópolis,-16.7364,-40.4296,Jequitinhonha
Papagaios,-19.4419,-44.7468,Metropolitana de Belo Horizonte
Pará de Minas,-19.8534,-44.6114,Metropolitana de Belo Horizonte
Paracatu,-17.2252,-46.8711,Noroeste de Minas
Paraguaçu,-21.5465,-45.7374,Sul/Sudoeste de Minas
Paraisópolis,-22.5539,-45.7803,Sul/Sudoeste de Minas
Paraopeba,-19.2732,-44.4044,Metropolitana de Belo Horizonte
Passa Quatro,-22.3871,-44.9709,Sul/Sudoeste de Minas
Passa Tempo,-20.6539,-44.4926,Oeste de Minas
Passa-Vinte,-22.2097,-44.2344,
Passabém,-19.3509,-43.1383,Metropolitana de Belo Horizonte
Passos,-20.7193,-46.609,Sul/Sudoeste de Minas
Patis,-16.0773,-44.0787,Norte de Minas
Patos de Minas,-18.5699,-46.5013,Triângulo Mineiro/Alto Paranaíba
Patrocínio,-18.9379,-46.9934,Triângulo Mineiro/Alto Paranaíba
Patrocínio do Muriaé,-21.1544,-42.2125,Zona da Mata
Paula Cândido,-20.8754,-42.9752,Zona da Mata
Paulistas,-18.4276,-42.8628,Vale do Rio Doce
Pavão,-17.4267,-41.0035,Vale do Mucuri
Peçanha,-18.5441,-42.5583,Vale do Rio Doce
Pedra Azul,-16.0086,-41.2909,Jequitinhonha
Pedra Bonita,-20.5219,-42.3304,Zona da Mata
Pedra do Anta,-20.5968,-42.7123,Zona da Mata
Pedra do Indaiá,-20.2563,-45.2107,Oeste de Minas
Pedra Dourada,-20.8266,-42.1515,Zona da Mata
Pedralva,-22.2386,-45.4654,Sul/Sudoeste de Minas
Pedras de Maria da Cruz,-15.6032,-44.391,Norte de Minas
Pedrinópolis,-19.2241,-47.4579,Triângulo Mineiro/Alto Paranaíba
Pedro Leopoldo,-19.6308,-44.0383,Metropolitana de Belo Horizonte
Pedro Teixeira,-21.7076,-43.743,Zona da Mata
Pequeri,-21.8341,-43.1145,Zona da Mata
Pequi,-19.6284,-44.6604,Metropolitana de Belo Horizonte
Perdigão,-19.9411,-45.078,Oeste de Minas
Perdizes,-19.3434,-47.2963,Triângulo Mineiro/Alto Paranaíba
Perdões,-21.0932,-45.0896,Oeste de Minas
Periquito,-19.1573,-42.2333,Vale do Rio Doce
Pescador,-18.357,-41.6006,Vale do Rio Doce
Piau,-21.5096,-43.313,Zona da Mata
Piedade de Caratinga,-19.7593,-42.0756,Vale do Rio Doce
Piedade de Ponte Nova,-20.2438,-42.7379,Zona da Mata
Piedade do Rio Grande,-21.469,-44.1938,Campo das Vertentes
Piedade dos Gerais,-20.4715,-44.2243,Metropolitana de Belo Horizonte
Pimenta,-20.4827,-45.8049,Oeste de Minas
Pingo-d'Água,-19.7287,-42.4095,Vale do Rio Doce
Pintópolis,-16.0572,-45.1402,Norte de Minas
Piracema,-20.5089,-44.4783,Oeste de Minas
Pirajuba,-19.9092,-48.7027,Triângulo Mineiro/Alto Paranaíba
Piranga,-20.6834,-43.2967,Zona da Mata
Piranguçu,-22.5249,-45.4945,Sul/Sudoeste de Minas
Piranguinho,-22.395,-45.5324,Sul/Sudoeste de Minas
Pirapetinga,-21.6554,-42.3434,Zona da Mata
Pirapora,-17.3392,-44.934,Norte de Minas
Piraúba,-21.2825,-43.0172,Zona da Mata
Pitangui,-19.6741,-44.8964,Metropolitana de Belo Horizonte
Piumhi,-20.4762,-45.9589,Oeste de Minas
Planura,-20.1376,-48.7,Triângulo Mineiro/Alto Paranaíba
Poço Fundo,-21.78,-45.9658,Sul/Sudoeste de Minas
Poços de Caldas,-21.78,-46.5692,Sul/Sudoeste de Minas
Pocrane,-19.6208,-41.6334,Vale do Rio Doce
Pompéu,-19.2257,-45.0141,Central Mineira
Ponte Nova,-20.4111,-42.8978,Zona da Mata
Ponto Chique,-16.6282,-45.0588,Norte de Minas
Ponto dos Volantes,-16.7473,-41.5025,Jequitinhonha
Porteirinha,-15.7404,-43.0281,Norte de Minas
Porto Firme,-20.6642,-43.0834,Zona da Mata
Poté,-17.8077,-41.786,Vale do Mucuri
Pouso Alegre,-22.2266,-45.9389,Sul/Sudoeste de Minas
Pouso Alto,-22.1964,-44.9748,Sul/Sudoeste de Minas
Prados,-21.0597,-44.0778,Campo das Vertentes
Prata,-19.3086,-48.9276,Triângulo Mineiro/Alto Paranaíba
Pratápolis,-20.7411,-46.8624,Sul/Sudoeste de Minas
Pratinha,-19.739,-46.3755,Triângulo Mineiro/Alto Paranaíba
Presidente Bernardes,-20.7656,-43.1895,Zona da Mata
Presidente Juscelino,-18.6401,-44.06,Central Mineira
Presidente Kubitschek,-18.6193,-43.5628,Jequitinhonha
Presidente Olegário,-18.4096,-46.4165,Noroeste de Minas
Prudente de Morais,-19.4742,-44.1591,Metropolitana de Belo Horizonte
Quartel Geral,-19.2703,-45.5569,Central Mineira
Queluzito,-20.7416,-43.8851,Metropolitana de Belo Horizonte
Raposos,-19.9636,-43.8079,Metropolitana de Belo Horizonte
Raul Soares,-20.1061,-42.4502,Zona da Mata
Recreio,-21.5289,-42.4676,Zona da Mata
Reduto,-20.2401,-41.9848,Zona da Mata
Resende Costa,-20.9171,-44.2407,Campo das Vertentes
Resplendor,-19.3194,-41.2462,Vale do Rio Doce
Ressaquinha,-21.0642,-43.7598,Campo das Vertentes
Riachinho,-16.2258,-45.9888,Norte de Minas
Riacho dos Machados,-16.0091,-43.0488,Norte de Minas
Ribeirão das Neves,-19.7621,-44.0844,Metropolitana de Belo Horizonte
Ribeirão Vermelho,-21.1879,-45.0637,Campo das Vertentes
Rio Acima,-20.0876,-43.7878,Metropolitana de Belo Horizonte
Rio Casca,-20.2285,-42.6462,Zona da Mata
Rio do Prado,-16.6056,-40.5714,Jequitinhonha
Rio Doce,-20.2412,-42.8995,Zona da Mata
Rio Espera,-20.855,-43.4721,Zona da Mata
Rio Manso,-20.2666,-44.3069,Metropolitana de Belo Horizonte
Rio Novo,-21.4649,-43.1168,Zona da Mata
Rio Paranaíba,-19.1861,-46.2455,Triângulo Mineiro/Alto Paranaíba
Rio Pardo de Minas,-15.616,-42.5405,Norte de Minas
Rio Piracicaba,-19.9284,-43.1829,Metropolitana de Belo Horizonte
Rio Pomba,-21.2712,-43.1696,Zona da Mata
Rio Preto,-22.0861,-43.8293,Zona da Mata
Rio Vermelho,-18.2922,-43.0018,Metropolitana de Belo Horizonte
Ritápolis,-21.0276,-44.3204,Campo das Vertentes
Rochedo de Minas,-21.6284,-43.0165,Zona da Mata
Rodeiro,-21.2035,-42.8586,Zona da Mata
Romaria,-18.8838,-47.5782,Triângulo Mineiro/Alto Paranaíba
Rosário da Limeira,-20.9812,-42.5112,Zona da Mata
Rubelita,-16.4053,-42.261,Norte de Minas
Rubim,-16.3775,-40.5397,Jequitinhonha
Sabará,-19.884,-43.8263,Metropolitana de Belo Horizonte
Sabinópolis,-18.6653,-43.0752,Vale do Rio Doce
Sacramento,-19.8622,-47.4508,Triângulo Mineiro/Alto Paranaíba
Salinas,-16.1753,-42.2964,Norte de Minas
Salto da Divisa,-16.0063,-39.9391,Jequitinhonha
Santa Bárbara,-19.9604,-43.4101,Metropolitana de Belo Horizonte
Santa Bárbara do Leste,-19.9753,-42.1457,Vale do Rio Doce
Santa Bárbara do Monte Verde,-21.9592,-43.7027,Zona da Mata
Santa Bárbara do Tugúrio,-21.2431,-43.5607,Campo das Vertentes
Santa Cruz de Minas,-21.1241,-44.2202,Campo das Vertentes
Santa Cruz de Salinas,-16.0967,-41.7418,Norte de Minas
Santa Cruz do Escalvado,-20.2372,-42.8169,Zona da Mata
Santa Efigênia de Minas,-18.8235,-42.4388,Vale do Rio Doce
Santa Fé de Minas,-16.6859,-45.4102,Norte de Minas
Santa Helena de Minas,-16.9707,-40.6727,Vale do Mucuri
Santa Juliana,-19.3108,-47.5322,Triângulo Mineiro/Alto Paranaíba
Santa Luzia,-19.7548,-43.8497,Metropolitana de Belo Horizonte
Santa Margarida,-20.3839,-42.2519,Zona da Mata
Santa Maria de Itabira,-19.4431,-43.1064,Metropolitana de Belo Horizonte
Santa Maria do Salto,-16.2479,-40.1512,Jequitinhonha
Santa Maria do Suaçuí,-18.1896,-42.4139,Vale do Rio Doce
Santa Rita de Caldas,-22.0292,-46.3385,Sul/Sudoeste de Minas
Santa Rita de Ibitipoca,-21.5658,-43.9163,Zona da Mata
Santa Rita de Jacutinga,-22.1474,-44.0977,Zona da Mata
Santa Rita de Minas,-19.876,-42.1363,Vale do Rio Doce
Santa Rita do Itueto,-19.3576,-41.3821,Vale do Rio Doce
Santa Rita do Sapucaí,-22.2461,-45.7034,Sul/Sudoeste de Minas
Santa Rosa da Serra,-19.5186,-45.9611,Triângulo Mineiro/Alto Paranaíba
Santa Vitória,-18.8414,-50.1208,Triângulo Mineiro/Alto Paranaíba
Santana da Vargem,-21.2449,-45.5005,Sul/Sudoeste de Minas
Santana de Cataguases,-21.2893,-42.5524,Zona da Mata
Santana de Pirapama,-18.9962,-44.0409,Metropolitana de Belo Horizonte
Santana do Deserto,-21.9512,-43.1583,Zona da Mata
Santana do Garambéu,-21.5983,-44.105,Campo das Vertentes
Santana do Jacaré,-20.9007,-45.1285,Oeste de Minas
Santana do Manhuaçu,-20.1031,-41.9278,Zona da Mata
Santana do Paraíso,-19.3661,-42.5446,Vale do Rio Doce
Santana do Riacho,-19.1662,-43.722,Metropolitana de Belo Horizonte
Santana dos Montes,-20.7868,-43.6949,Metropolitana de Belo Horizonte
Santo Antônio do Amparo,-20.943,-44.9176,Oeste de Minas
Santo Antônio do Aventureiro,-21.7606,-42.8115,Zona da Mata
Santo Antônio do Grama,-20.3185,-42.6047,Zona da Mata
Santo Antônio do Itambé,-18.4609,-43.3006,Metropolitana de Belo Horizonte
Santo Antônio do Jacinto,-16.5332,-40.1817,Jequitinhonha
Santo Antônio do Monte,-20.085,-45.2947,Oeste de Minas
Santo Antônio do Retiro,-15.3393,-42.6171,Norte de Minas
Santo Antônio do Rio Abaixo,-19.2374,-43.2604,Metropolitana de Belo Horizonte
Santo Hipólito,-18.2968,-44.2229,Central Mineira
Santos Dumont,-21.4634,-43.5499,Zona da Mata
São Bento Abade,-21.5839,-45.0699,Sul/Sudoeste de Minas
São Brás do Suaçuí,-20.6242,-43.9515,Metropolitana de Belo Horizonte
São Domingos das Dores,-19.5246,-42.0106,Vale do Rio Doce
São Domingos do Prata,-19.8678,-42.971,Metropolitana de Belo Horizonte
São Félix de Minas,-18.5959,-41.4889,Vale do Rio Doce
São Francisco,-15.9514,-44.8593,Norte de Minas
São Francisco de Paula,-20.7036,-44.9838,Oeste de Minas
São Francisco de Sales,-19.8611,-49.7727,Triângulo Mineiro/Alto Paranaíba
São Francisco do Glória,-20.7923,-42.2673,Zona da Mata
São Geraldo,-20.9252,-42.8364,Zona da Mata
São Geraldo da Piedade,-18.8411,-42.2867,Vale do Rio Doce
São Geraldo do Baixio,-18.9097,-41.363,Vale do Rio Doce
São Gonçalo do Abaeté,-18.3315,-45.8265,Noroeste de Minas
São Gonçalo do Pará,-19.9822,-44.8593,Oeste de Minas
São Gonçalo do Rio Abaixo,-19.8221,-43.366,Metropolitana de Belo Horizonte
São Gonçalo do Rio Preto,-18.0025,-43.3854,Jequitinhonha
São Gonçalo do Sapucaí,-21.8932,-45.5893,Sul/Sudoeste de Minas
São Gotardo,-19.3087,-46.0465,Triângulo Mineiro/Alto Paranaíba
São João Batista do Glória,-20.635,-46.508,Sul/Sudoeste de Minas
São João da Lagoa,-16.8455,-44.3507,Norte de Minas
São João da Mata,-21.928,-45.9297,Sul/Sudoeste de Minas
São João da Ponte,-15.9271,-44.0096,Norte de Minas
São João das Missões,-14.8859,-44.0922,Norte de Minas
São João del Rei,-21.1311,-44.2526,Campo das Vertentes
São João do Manhuaçu,-20.3933,-42.1533,Zona da Mata
São João do Manteninha,-18.723,-41.1628,Vale do Rio Doce
São João do Oriente,-19.3384,-42.1575,Vale do Rio Doce
São João do Pacuí,-16.5373,-44.5134,Norte de Minas
São João do Paraíso,-15.3168,-42.0213,Norte de Minas
São João Evangelista,-18.548,-42.7655,Vale do Rio Doce
São João Nepomuceno,-21.5381,-43.0069,Zona da Mata
São Joaquim de Bicas,-20.048,-44.2749,Metropolitana de Belo Horizonte
São José da Barra,-20.7178,-46.313,Sul/Sudoeste de Minas
São José da Lapa,-19.6971,-43.9586,Metropolitana de Belo Horizonte
São José da Safira,-18.3243,-42.1431,Vale do Rio Doce
São José da Varginha,-19.7006,-44.556,Metropolitana de Belo Horizonte
São José do Alegre,-22.3243,-45.5258,Sul/Sudoeste de Minas
São José do Divino,-18.4793,-41.3907,Vale do Rio Doce
São José do Goiabal,-19.9214,-42.7035,Metropolitana de Belo Horizonte
São José do Jacuri,-18.281,-42.6729,Vale do Rio Doce
São José do Mantimento,-20.0058,-41.7486,Zona da Mata
São Lourenço,-22.1166,-45.0506,Sul/Sudoeste de Minas
São Miguel do Anta,-20.7067,-42.7174,Zona da Mata
São Pedro da União,-21.131,-46.6123,Sul/Sudoeste de Minas
São Pedro do Suaçuí,-18.3609,-42.5981,Vale do Rio Doce
São Pedro dos Ferros,-20.1732,-42.5251,Zona da Mata
São Romão,-16.3641,-45.0749,Norte de Minas
São Roque de Minas,-20.249,-46.3639,Oeste de Minas
São Sebastião da Bela Vista,-22.1583,-45.7546,Sul/Sudoeste de Minas
São Sebastião da Vargem Alegre,-19.7477,-43.3679,Zona da Mata
São Sebastião do Anta,-19.5064,-41.985,Vale do Rio Doce
São Sebastião do Maranhão,-18.0873,-42.5659,Vale do Rio Doce
São Sebastião do Oeste,-20.2758,-45.0063,Oeste de Minas
São Sebastião do Paraíso,-20.9167,-46.9837,Sul/Sudoeste de Minas
São Sebastião do Rio Preto,-19.2959,-43.1757,Metropolitana de Belo Horizonte
São Sebastião do Rio Verde,-22.2183,-44.9761,Sul/Sudoeste de Minas
São Thomé das Letras,-21.7218,-44.9849,
São Tiago,-20.9075,-44.5098,Campo das Vertentes
São Tomás de Aquino,-20.7791,-47.0962,Sul/Sudoeste de Minas
São Vicente de Minas,-21.7042,-44.4431,Sul/Sudoeste de Minas
Sapucaí-Mirim,-22.7409,-45.738,Sul/Sudoeste de Minas
Sardoá,-18.7828,-42.3629,Vale do Rio Doce
Sarzedo,-20.0367,-44.1446,Metropolitana de Belo Horizonte
Sem-Peixe,-20.1008,-42.8483,Zona da Mata
Senador Amaral,-22.5869,-46.1763,Sul/Sudoeste de Minas
Senador Cortes,-21.7986,-42.9424,Zona da Mata
Senador Firmino,-20.9158,-43.0904,Zona da Mata
Senador José Bento,-22.1633,-46.1792,Sul/Sudoeste de Minas
Senador Modestino Gonçalves,-17.9465,-43.2172,Jequitinhonha
Senhora de Oliveira,-20.7972,-43.3394,Zona da Mata
Senhora do Porto,-18.8909,-43.0799,Vale do Rio Doce
Senhora dos Remédios,-21.0351,-43.5812,Campo das Vertentes
Sericita,-20.4748,-42.4828,Zona da Mata
Seritinga,-21.9134,-44.518,Sul/Sudoeste de Minas
Serra Azul de Minas,-18.3602,-43.1675,Metropolitana de Belo Horizonte
Serra da Saudade,-19.4447,-45.795,Central Mineira
Serra do Salitre,-19.1083,-46.6961,Triângulo Mineiro/Alto Paranaíba
Serra dos Aimorés,-17.7872,-40.2453,Vale do Mucuri
Serrania,-21.5441,-46.0417,Sul/Sudoeste de Minas
Serranópolis de Minas,-15.8176,-42.8732,Norte de Minas
Serranos,-21.8857,-44.5125,Sul/Sudoeste de Minas
Serro,-18.5991,-43.3744,Metropolitana de Belo Horizonte
Sete Lagoas,-19.4569,-44.2413,Metropolitana de Belo Horizonte
Setubinha,-17.6002,-42.1587,Vale do Mucuri
Silveirânia,-21.1615,-43.2128,Zona da Mata
Silvianópolis,-22.0274,-45.8385,Sul/Sudoeste de Minas
Simão Pereira,-21.964,-43.3088,Zona da Mata
Simonésia,-20.1341,-42.0091,Zona da Mata
Sobrália,-19.2345,-42.0998,Vale do Rio Doce
Soledade de Minas,-22.0554,-45.0464,Sul/Sudoeste de Minas
Tabuleiro,-21.3632,-43.2381,Zona da Mata
Taiobeiras,-15.8106,-42.2259,Norte de Minas
Taparuba,-19.7621,-41.608,Vale do Rio Doce
Tapira,-19.9166,-46.8264,Triângulo Mineiro/Alto Paranaíba
Tapiraí,-19.8936,-46.0221,Oeste de Minas
Taquaraçu de Minas,-19.6652,-43.6922,Metropolitana de Belo Horizonte
Tarumirim,-19.2835,-42.0097,Vale do Rio Doce
Teixeiras,-20.6561,-42.8564,Zona da Mata
Teófilo Otoni,-17.8595,-41.5087,Vale do Mucuri
Timóteo,-19.5811,-42.6471,Vale do Rio Doce
Tiradentes,-21.1102,-44.1744,Campo das Vertentes
Tiros,-19.0037,-45.9626,Triângulo Mineiro/Alto Paranaíba
Tocantins,-21.1774,-43.0127,Zona da Mata
Tocos do Moji,-22.3698,-46.0971,Sul/Sudoeste de Minas
Toledo,-22.7421,-46.3728,Sul/Sudoeste de Minas
Tombos,-20.9086,-42.0228,Zona da Mata
Três Corações,-21.6921,-45.2511,Sul/Sudoeste de Minas
Três Marias,-18.2048,-45.2473,Central Mineira
Três Pontas,-21.3694,-45.5109,Sul/Sudoeste de Minas
Tumiritinga,-18.9844,-41.6527,Vale do Rio Doce
Tupaciguara,-18.5866,-48.6985,Triângulo Mineiro/Alto Paranaíba
Turmalina,-17.2828,-42.7285,Jequitinhonha
Turvolândia,-21.8733,-45.7859,Sul/Sudoeste de Minas
Ubá,-21.1204,-42.9359,Zona da Mata
Ubaí,-16.2885,-44.7783,Norte de Minas
Ubaporanga,-19.6351,-42.1059,Vale do Rio Doce
Uberaba,-19.7472,-47.9381,Triângulo Mineiro/Alto Paranaíba
Uberlândia,-18.9141,-48.2749,Triângulo Mineiro/Alto Paranaíba
Umburatiba,-17.2548,-40.5779,Vale do Mucuri
Unaí,-16.3592,-46.9022,Noroeste de Minas
União de Minas,-19.5299,-50.338,Triângulo Mineiro/Alto Paranaíba
Uruana de Minas,-16.0634,-46.2443,Noroeste de Minas
Urucânia,-20.3521,-42.737,Zona da Mata
Urucuia,-16.1244,-45.7352,Norte de Minas
Vargem Alegre,-19.5988,-42.2949,Vale do Rio Doce
Vargem Bonita,-20.3333,-46.3688,Oeste de Minas
Vargem Grande do Rio Pardo,-15.3987,-42.3085,Norte de Minas
Varginha,-21.5556,-45.4364,Sul/Sudoeste de Minas
Varjão de Minas,-18.3741,-46.0313,Noroeste de Minas
Várzea da Palma,-17.5944,-44.7226,Norte de Minas
Varzelândia,-15.6992,-44.0278,Norte de Minas
Vazante,-17.9827,-46.9088,Noroeste de Minas
Verdelândia,-15.5845,-43.6121,Norte de Minas
Veredinha,-17.3974,-42.7307,Jequitinhonha
Veríssimo,-19.6657,-48.3118,Triângulo Mineiro/Alto Paranaíba
Vermelho Novo,-20.0406,-42.2688,Zona da Mata
Vespasiano,-19.6883,-43.9239,Metropolitana de Belo Horizonte
Viçosa,-20.7559,-42.8742,Zona da Mata
Vieiras,-20.867,-42.2401,Zona da Mata
Virgem da Lapa,-16.807,-42.3431,Jequitinhonha
Virgínia,-22.3264,-45.0965,Sul/Sudoeste de Minas
Virginópolis,-18.8154,-42.7015,Vale do Rio Doce
Virgolândia,-18.4738,-42.3067,Vale do Rio Doce
Visconde do Rio Branco,-21.0127,-42.8361,Zona da Mata
Volta Grande,-21.7671,-42.5375,Zona da Mata
Wenceslau Braz,-22.5368,-45.3626,Sul/Sudoeste de Minas
